question,answer,disabled,category
Is PR for cleantech different from other industries?,"<p>Yes. As a cleantech PR agency, we know that effective energy public relations requires fluency in markets and technologies in a new sector. We’re deeply experienced translating complexity into attention that moves customers, investors and policy makers.</p>",0,homepage
How can PR help my cleantech company?,"<p>A smart clean energy PR strategy builds credibility fast and makes it visible to customers of investors. We help companies ranging from startups and to publicly traded globals earn attention, attract investors, and stand out in a crowded market. In today’s world, AI platforms are the first resource for whoever a company needs to reach, it is more important than ever for it to have credible, third party coverage that validate the company with LLMs.</p>",0,homepage
Do you deliver community engagement trainings in person?,"<p>Yes. We lead live, in-person trainings several times a year at events like RE+ as well as private company trainings to help clean energy teams sharpen their messaging, outreach strategy, and local engagement skills. Our team members have trained nearly 2,500 people.</p>",0,homepage
Do you have a network of local consultants across the country?,<p>Yes. We’ve built a trusted national bench of community engagement consultants who understand the local dynamics that shape renewable energy project support — from permitting boards to grassroots influencers.</p>,0,homepage
Do you handle ribbon cutting or groundbreaking ceremonies?,"<p>Yes. We plan and promote events of different sizes. They elevate brands, generate media coverage, and strengthen local support — especially for renewable energy project milestones.</p>",0,homepage
Do you handle award submissions and event abstracts?,"<p>Yes. We craft strategic award entries and cleantech event abstracts that raise visibility, position a company’s team as thought leaders, and support its broader energy PR goals.</p>",0,homepage
Do you work with both B2B and B2C cleantech companies?,"<p>We do. Whoever a company wants to reach, our energy PR strategies are tailored to resonate with the audiences that drive a business forward.</p>",0,homepage
How long will it take to see results from our PR campaign?,"<p>Energy PR delivers early traction within months in media stories, online buzz, investor interest, and audience growth – usually in ways that show in AI rankings. We measure results continually to show how a client company is gaining ground.</p>",0,homepage
Do you work with startups on smaller budgets?,"<p>Yes. We help early-stage companies get the most from their investment with focused cleantech PR strategies. They deliver real visibility,  without wasting time or resources.</p>",0,homepage
What regions do you work in?,"<p>We support clients from across the world succeed in their target markets and advance policy goals at every level of government. From local and state efforts to federal campaigns—across the U.S., Canada,  and now the Middle East.</p>",0,homepage
Do you handle crisis communications for companies and projects in trouble?,"<p>Yes. As a seasoned renewable energy PR agency, we manage high-stakes moments — from local opposition to media scrutiny — protecting the reputation of a project or company – and the social license to operate.</p>",0,homepage
How can community engagement help get my renewable energy project or data center approved?,"<p>Early community engagement builds trust with local residents and reduces permitting risk. By listening to what communities want for their future and their concerns about potential projects, developers can more effectively communicate project benefits. They can also activate supporters who can help projects secure the social license that permitting officials rely on to say “yes.”</p>",0,homepage
"What are the best ways to reduce opposition to wind, solar, storage or data center projects?","<p>Start early, lead with locally trusted messengers, and stay visible. Our playbook service combines grassroots outreach, influence mapping, and message discipline to counter NIMBY pushback and build community support for renewable energy projects.</p>",0,homepage
Do you offer community engagement strategies for permitting and zoning hearings?,"<p>Yes. We design campaigns that engage neighbors, equip allies, and prepare developers for hearings. Our team blends campaign experience and communications expertise to help them show up prepared, persuasive, and supported.</p>",0,homepage
Can you help manage misinformation or negative sentiment in rural communities?,"<p>Absolutely. We monitor local forums, and respond with emotionally connected, values-based messaging. And we can help companies amplify important facts, while mobilizing credible local voices to keep the narrative grounded in the realities of a community. Our public relations approach is built for today’s digital “town square,” where a community considers proposed projects.</p>",0,homepage
What causes clean energy firms to outgrow in-house PR management?,"<p>Companies usually outgrow in-house PR management when they face communications challenges that demand more experience or more bandwidth than what their current team can provide. Unexpected PR crises like litigation, regulatory attacks, and scandals can quickly swamp most small communications teams. But major obstacles aren’t the only reason for outsourcing PR; growth through acquisitions or expansion into new markets can also lead companies to turn to outside communications support. In these instances, the communications staff is typically occupied with existing projects while leadership focuses on the deal itself, leaving little to no capacity for planning the expansion of the communications program needed to support the growth.</p><p>That’s where companies most frequently turn to firms like us for experience, resources, and readily available bandwidth that internal teams can’t quickly create on their own. In our experience, communications teams in the clean economy space are almost never excessively resourced. Most operate more or less in a state of “well-managed overwhelm,” making it nearly impossible to take on new responsibilities without external support. That is when an experienced PR firm can make all the difference.</p>",0,homepage
